ãŠé¡ŒNo,æ—¥ä»˜,å‚åŠ äººæ•°,ãŠé¡Œ,ãŠé¡Œç”»åƒ,é †ä½,åå‰,ãƒœã‚±,å¾—ç¥¨æ•°,åå·®å€¤,æŠ•ç¥¨è€…
1225_9720_YBR,2023-07-06,94äºº,ç™Œã®å®£å‘Šã‚’ä¸Šæ‰‹ãèª¤é­”åŒ–ã—ã¦ãã ã•ã„,NA,1ä½,ã²ã¨ã—ãŠã®ã‚ˆã‚ã“ã³,ã§ã‚‚ã»ã‚‰ç¬‘ã£ãŸé¡”ã«ã‚‚è¦‹ãˆã‚‹,34,81.84,ã·ã£ã¡ã‚‡ã«ã‚/jomajoma(3)/ã‚«ãƒ¬ãƒ¼ãƒ©æ°´/ç§‹æœˆæå­/ã­ã‚€ã‚Š/ãµã‚ã£ã¨/ãƒ‘ãƒ¼ãƒ—ãƒ«ãƒãƒ¼ãƒ•(3)/GYAI/ãƒžãƒ«ã‚¤ã¯äºŒé€²æ³•ã§5/ã‚Šã¨Â°/ãƒãƒ /æœºä¸Šã§å®Ÿæ¼”(2)/T-FOX(3)/è¾°å·³ç«œ/ã’ã‚“ã(2)/æµ…é–“å±±ã‹ã‚‰çœŸã£é€†ã•ã¾/æ¹¿ã‚‹æ°—æŒã¡(3)/ãªã‚“ã“ã¤/ãƒ©ã‚¹ã‚¿ãƒ¼(3)/æŠ•ç¥¨ãƒœãƒ¼ãƒŠã‚¹(3)
1225_9720_YBR,2023-07-06,94äºº,ç™Œã®å®£å‘Šã‚’ä¸Šæ‰‹ãèª¤é­”åŒ–ã—ã¦ãã ã•ã„,NA,1ä½,æŽ§ãˆã‚ãªãƒ”ãƒ¼ã‚¹,æ˜ ç”»åŒ–ã®å¯èƒ½æ€§ã‚‚ã‚ã‚Šã¾ã™,34,81.84,ãƒ™ã‚¿ãƒ¼ãªãƒã‚§ã‚¢/ã“ã‚“ãºã„ã¨ã†é›‘èªŒ/ãšãšã‚¨ã•ã‚“/jomajoma/ãƒ€ã‚¤ãƒ‹ãƒƒãƒãƒ³(3)/ãŸã„ã‚„/é¡”é¢æ¿€æˆ¦åŒº/ç§‹æœˆæå­/ã‚ã‚‹äºº(2)/ãµã‚ã£ã¨/ã‚ã‹ã®ã™ã‘/ã•ã„ã“ã‚ã¡ã‚ƒã‚‰ã¿ã‚“(2)/æ—¥æœ¬å›½æ†²æ³•(2)/äººæ°‘å…ƒ(2)/ã­ã“ã‚ã‚“ãŸã„/ãƒãƒ /æœºä¸Šã§å®Ÿæ¼”/ã“ã“ã¯ãŒ/ãƒ•ã‚§ãƒ«ãƒ¡ãƒ¼ãƒ«/ãŸãã¿ã™/æ¡œç”°ãƒ¢ãƒ³ã‚¿ãƒ¼ã‚¸ãƒ¥/é«˜è¦‹ç››/ã’ã‚“ã/å†·é£Ÿãƒ‘ã‚¹ã‚¿ãƒ¬ãƒ“ãƒ¥ãƒ¼/ã‚Šã™/æŠ•ç¥¨ãƒœãƒ¼ãƒŠã‚¹(3)
1225_9720_YBR,2023-07-06,94äºº,ç™Œã®å®£å‘Šã‚’ä¸Šæ‰‹ãèª¤é­”åŒ–ã—ã¦ãã ã•ã„,NA,3ä½,ã¸ãªã¡ã‚‡ã“,é©å‘½èµ·ããŸã‚‰ä¸€ç•ªå¼·ã„ã§ã™,31,77.46,ãŠã³ã‚ã‚“/å¶å‡ºæ®´æµ/ãŸã„ã‚„/æ¡ƒå±±ã‚‚ã‚‚ãŸã‚ã†(2)/é¡”é¢æ¿€æˆ¦åŒº(2)/æŽ§ãˆã‚ãªãƒ”ãƒ¼ã‚¹/ãµã‚ã£ã¨/ãƒ‘ãƒ¼ãƒ—ãƒ«ãƒãƒ¼ãƒ•(3)/æ—¥æœ¬å›½æ†²æ³•(2)/ã‚«ã‚¿ãƒ³/ã‚¿ã‚«ãƒŽãƒªãƒ»ã‚¿ã‚«ãƒŽ/ã‚„ã‚“ã‚ã‚Š/ã‚Šã¨Â°/ã­ã“ã‚ã‚“ãŸã„/ãƒãƒ /ã“ã“ã¯ãŒ/T-FOX(2)/ã’ã‚“ã/æ¹¿ã‚‹æ°—æŒã¡(3)/ãƒŸãƒ‹ãƒ™ãƒ­/æŠ•ç¥¨ãƒœãƒ¼ãƒŠã‚¹(3)
1225_9720_YBR,2023-07-06,94äºº,ç™Œã®å®£å‘Šã‚’ä¸Šæ‰‹ãèª¤é­”åŒ–ã—ã¦ãã ã•ã„,NA,4ä½,ã‚ã‚‹äºº,ã¯ãŸã‚‰ãç´°èƒžã§ã„ã†ã€ç¥žå›žã§ã™ã­,26,70.17,ãƒ™ã‚¿ãƒ¼ãªãƒã‚§ã‚¢/jomajoma/èŽ‰è’¼/ã²ã¨ã—ãŠã®ã‚ˆã‚ã“ã³/ã­ã‚€ã‚Š/ãƒã‚¸ãƒãƒ¡/ã‚ã‹ã®ã™ã‘/GYAI/ã™ã‚‹ã‚/ã‚¿ã‚«ãƒŽãƒªãƒ»ã‚¿ã‚«ãƒŽ/å¾®ç”Ÿç‰©ã®ã‹ãŸã¾ã‚Š/ã‚¢ã‚¦ã‚¯/è½¢æ­»/ã‚Šã¨Â°/ã­ã“ã‚ã‚“ãŸã„/æ°´æ˜Ÿãƒ‰ãƒ©ãƒ ãƒ­ãƒ¼ãƒ«/T-FOX(2)/ãªã/æ¡œç”°ãƒ¢ãƒ³ã‚¿ãƒ¼ã‚¸ãƒ¥/æ•™ãˆã¦æ¬²ã—ã„ãƒ†ã‚¯ãƒŽãƒ­ã‚¸ãƒ¼/ã‚ã®æ—¥ã®ãƒ‹ãƒ³ãƒ‹/ä»–ã®ï¼°/æŠ•ç¥¨ãƒœãƒ¼ãƒŠã‚¹(3)
1225_9720_YBR,2023-07-06,94äºº,ç™Œã®å®£å‘Šã‚’ä¸Šæ‰‹ãèª¤é­”åŒ–ã—ã¦ãã ã•ã„,NA,4ä½,ãŸãã¿ã™,ãƒ©ãƒ³ã‚­ãƒ³ã‚°ã§è¨€ã†1ä½ã§ã™,26,70.17,ç”·çˆµã„ã‚‚/å¶å‡ºæ®´æµ/æ¡ƒå±±ã‚‚ã‚‚ãŸã‚ã†(2)/ãƒã‚¸ãƒãƒ¡/ã™ã‚‹ã‚/ã‚«ã‚¿ãƒ³/æ¡œæ¡ƒ/ã‚¢ã‚¤ãƒ¯/å¾®ç”Ÿç‰©ã®ã‹ãŸã¾ã‚Š/wanumayu(2)/è½¢æ­»/ãƒŽã‚³ãƒŽã‚³death/ã‚„ã‚“ã‚ã‚Š/ã‚Šã¨Â°/ã“ã“ã¯ãŒ/ãã«/æ°´æ˜Ÿãƒ‰ãƒ©ãƒ ãƒ­ãƒ¼ãƒ«/æµ…é–“å±±ã‹ã‚‰çœŸã£é€†ã•ã¾/BFGH/ã‚Šã™/ä»–ã®ï¼°/æŠ•ç¥¨ãƒœãƒ¼ãƒŠã‚¹(3)
1225_9720_YBR,2023-07-06,94äºº,ç™Œã®å®£å‘Šã‚’ä¸Šæ‰‹ãèª¤é­”åŒ–ã—ã¦ãã ã•ã„,NA,6ä½,hashiba,ã‚ã¨åŠå¹´ç„¡æ•µã§ã™,25,68.71,ã·ã£ã¡ã‚‡ã«ã‚/å¶å‡ºæ®´æµ/ãšãšã‚¨ã•ã‚“/é´¨ã¨ã‚µã‚¤ã‚³ãƒ­/èŽ‰è’¼/å„A/ã‚ã‚‹äºº/ãƒã‚¸ãƒãƒ¡/ã‚„ã‚“ã‚ã‚Š/ãƒãƒ /æœºä¸Šã§å®Ÿæ¼”/æœˆè¦‹é‡Œ/ã¸ãªã¡ã‚‡ã“/æ°´æ˜Ÿãƒ‰ãƒ©ãƒ ãƒ­ãƒ¼ãƒ«(2)/å¤§å–œåˆ©ã®æ¯/é«˜è¦‹ç››/å†·é£Ÿãƒ‘ã‚¹ã‚¿ãƒ¬ãƒ“ãƒ¥ãƒ¼/ã‚ã®æ—¥ã®ãƒ‹ãƒ³ãƒ‹/ã‚Šã™/äº¬ã‚»ãƒ©/ãƒ©ã‚¹ã‚¿ãƒ¼/æŠ•ç¥¨ãƒœãƒ¼ãƒŠã‚¹(3)
1225_9720_YBR,2023-07-06,94äºº,ç™Œã®å®£å‘Šã‚’ä¸Šæ‰‹ãèª¤é­”åŒ–ã—ã¦ãã ã•ã„,NA,7ä½,ã’ã‚“ã,ãƒžã‚¸ã‚«ãƒ«ãƒãƒŠãƒŠâ™ªæ­»å› ã¨ã„ã£ãŸã‚‰,24,67.25,ãŠã³ã‚ã‚“/ã²ã¨ã—ãŠã®ã‚ˆã‚ã“ã³/ã­ã‚€ã‚Š(3)/ãµã‚ã£ã¨(3)/ã™ã‚‹ã‚/ã‚«ã‚¿ãƒ³/ã»ã‚ã»ã‚/wanumayu(2)/åœŸç”£/ãªã/æ¡œç”°ãƒ¢ãƒ³ã‚¿ãƒ¼ã‚¸ãƒ¥/æ•™ãˆã¦æ¬²ã—ã„ãƒ†ã‚¯ãƒŽãƒ­ã‚¸ãƒ¼(2)/å†·é£Ÿãƒ‘ã‚¹ã‚¿ãƒ¬ãƒ“ãƒ¥ãƒ¼/å±‹å†…ç”¨é›¨å‚˜/ãƒ©ã‚¹ã‚¿ãƒ¼/æŠ•ç¥¨ãƒœãƒ¼ãƒŠã‚¹(3)
1225_9720_YBR,2023-07-06,94äºº,ç™Œã®å®£å‘Šã‚’ä¸Šæ‰‹ãèª¤é­”åŒ–ã—ã¦ãã ã•ã„,NA,8ä½,ã‚Šã¨Â°,ãƒã‚¯ã‚¹ãƒˆã‚¹ãƒ†ãƒ¼ã‚¸é€²å‡ºã§ã™,23,65.79,ãŸã„ã‚„/ã²ã¨ã—ãŠã®ã‚ˆã‚ã“ã³/å„A(2)/ãµã‚ã£ã¨/ã™ã‚‹ã‚/äººæ°‘å…ƒ/ãƒžãƒ«ã‚¤ã¯äºŒé€²æ³•ã§5/wanumayu/ã‚„ã‚“ã‚ã‚Š/æœºä¸Šã§å®Ÿæ¼”/å¤§å–œåˆ©ã®æ¯/ã’ã‚“ã/æµ…é–“å±±ã‹ã‚‰çœŸã£é€†ã•ã¾/æ•™ãˆã¦æ¬²ã—ã„ãƒ†ã‚¯ãƒŽãƒ­ã‚¸ãƒ¼/ã‚Šã™/ãƒ—ãƒ¼ã‚¢ãƒ«èŒ¶/ä»–ã®ï¼°/ãªã‚“ã“ã¤/ãƒ©ã‚¹ã‚¿ãƒ¼/æŠ•ç¥¨ãƒœãƒ¼ãƒŠã‚¹(3)
1225_9720_YBR,2023-07-06,94äºº,ç™Œã®å®£å‘Šã‚’ä¸Šæ‰‹ãèª¤é­”åŒ–ã—ã¦ãã ã•ã„,NA,8ä½,ãƒŽã‚³ãƒŽã‚³death,ã¾ãšã¯ã‚¹ãƒ†ãƒ¼ã‚¸2é€²å‡ºãŠã‚ã§ã¨ã†ã”ã–ã„ã¾ã™,23,65.79,ã·ã£ã¡ã‚‡ã«ã‚/ãšãšã‚¨ã•ã‚“/èŽ‰è’¼/ã²ã¨ã—ãŠã®ã‚ˆã‚ã“ã³/ã‚ã‚‹äºº/ã­ã‚€ã‚Š/ã™ã‚‹ã‚/ã‚«ã‚¿ãƒ³/ã‚¿ã‚«ãƒŽãƒªãƒ»ã‚¿ã‚«ãƒŽ(2)/é»’èƒ¡æ¤’/æœˆè¦‹é‡Œ/ã¸ãªã¡ã‚‡ã“/T-FOX/ç™¼ç‹‚äº­æ€ªæ¨‚/å¤§å–œåˆ©ã®æ¯(2)/BFGH/äº¬ã‚»ãƒ©/ä»–ã®ï¼°/æŠ•ç¥¨ãƒœãƒ¼ãƒŠã‚¹(3)
1225_9720_YBR,2023-07-06,94äºº,ç™Œã®å®£å‘Šã‚’ä¸Šæ‰‹ãèª¤é­”åŒ–ã—ã¦ãã ã•ã„,NA,8ä½,å¶å‡ºæ®´æµ,å‹‰å¼·ã¨ã‹ã‚„ã‚ã¦ã‚‚ã„ã„ã‚ˆ,23,65.79,é´¨ã¨ã‚µã‚¤ã‚³ãƒ­/é¡”é¢æ¿€æˆ¦åŒº/ã²ã¨ã—ãŠã®ã‚ˆã‚ã“ã³/ç§‹æœˆæå­/ã­ã‚€ã‚Š/å¡©ã‚µãƒ/ã»ã‚ã»ã‚/wanumayu/è½¢æ­»(2)/ãƒŽã‚³ãƒŽã‚³death/é»’èƒ¡æ¤’/ãƒãƒ /åœŸç”£/ãã«/ãªã/ç™¼ç‹‚äº­æ€ªæ¨‚/ã‚Šã™/ãƒŸãƒ‹ãƒ™ãƒ­/å±‹å†…ç”¨é›¨å‚˜/æŠ•ç¥¨ãƒœãƒ¼ãƒŠã‚¹(3)
1225_9720_YBR,2023-07-06,94äºº,ç™Œã®å®£å‘Šã‚’ä¸Šæ‰‹ãèª¤é­”åŒ–ã—ã¦ãã ã•ã„,NA,11ä½,ã‚„ã‚“ã‚ã‚Š,ãƒã‚¿ãƒãƒ¬ã«ãªã‚‹ã‹ã‚‰è¨€ãˆãªã„ã‚“ã§ã™ã‘ã©,21,62.87,ç”·çˆµã„ã‚‚/ã­ã‚€ã‚Š/ã™ã‚‹ã‚/ã‚«ã‚¿ãƒ³(2)/ã‚¢ã‚¤ãƒ¯/å¾®ç”Ÿç‰©ã®ã‹ãŸã¾ã‚Š/ãƒžãƒ«ã‚¤ã¯äºŒé€²æ³•ã§5/ãƒŽã‚³ãƒŽã‚³death/æœºä¸Šã§å®Ÿæ¼”/åŠ©ã£äººå¤–å›½äºº(2)/T-FOX/è¾°å·³ç«œ/ã’ã‚“ã/æµ…é–“å±±ã‹ã‚‰çœŸã£é€†ã•ã¾/BFGH/å±‹å†…ç”¨é›¨å‚˜/æŠ•ç¥¨ãƒœãƒ¼ãƒŠã‚¹(3)
1225_9720_YBR,2023-07-06,94äºº,ç™Œã®å®£å‘Šã‚’ä¸Šæ‰‹ãèª¤é­”åŒ–ã—ã¦ãã ã•ã„,NA,11ä½,ç§‹æœˆæå­,è£æŠ€ã§ã‚¹ãƒ†ãƒ¼ã‚¸ï¼”ã‹ã‚‰ã§ã™,21,62.87,ãã„ããƒ¼ã™/ãšãšã‚¨ã•ã‚“/èŽ‰è’¼/ã­ã‚€ã‚Š/æŽ§ãˆã‚ãªãƒ”ãƒ¼ã‚¹/ã™ã‚‹ã‚/å¡©ã‚µãƒ(2)/ã‚¢ã‚¤ãƒ¯/ãƒŽã‚³ãƒŽã‚³death/æœºä¸Šã§å®Ÿæ¼”/ãŸãã¿ã™/T-FOX/æ¡œç”°ãƒ¢ãƒ³ã‚¿ãƒ¼ã‚¸ãƒ¥/BFGH/å†·é£Ÿãƒ‘ã‚¹ã‚¿ãƒ¬ãƒ“ãƒ¥ãƒ¼/äº¬ã‚»ãƒ©/å±‹å†…ç”¨é›¨å‚˜/æŠ•ç¥¨ãƒœãƒ¼ãƒŠã‚¹(3)
1225_9720_YBR,2023-07-06,94äºº,ç™Œã®å®£å‘Šã‚’ä¸Šæ‰‹ãèª¤é­”åŒ–ã—ã¦ãã ã•ã„,NA,13ä½,ãƒ©ã‚¹ã‚¿ãƒ¼,ç„¡é§„ã«è€ã„ã‚‹ã®ã‚‚ã­,20,61.41,ã´ã´/ã²ã¨ã—ãŠã®ã‚ˆã‚ã“ã³/hashiba/å¡©ã‚µãƒ(3)/ã‚«ã‚¿ãƒ³/ã‚Šã¨Â°/æœºä¸Šã§å®Ÿæ¼”/ãŸãã¿ã™(2)/æ°´æ˜Ÿãƒ‰ãƒ©ãƒ ãƒ­ãƒ¼ãƒ«/å¤§å–œåˆ©ã®æ¯/æ¡œç”°ãƒ¢ãƒ³ã‚¿ãƒ¼ã‚¸ãƒ¥/ã’ã‚“ã/æ•™ãˆã¦æ¬²ã—ã„ãƒ†ã‚¯ãƒŽãƒ­ã‚¸ãƒ¼/æ¹¿ã‚‹æ°—æŒã¡/æŠ•ç¥¨ãƒœãƒ¼ãƒŠã‚¹(3)
1225_9720_YBR,2023-07-06,94äºº,ç™Œã®å®£å‘Šã‚’ä¸Šæ‰‹ãèª¤é­”åŒ–ã—ã¦ãã ã•ã„,NA,13ä½,æ¡œæ¡ƒ,ã‚‚ã†3å¹´ãã‚‰ã„ã§çŸ¥ã‚‹å¿…è¦ãªããªã‚Šã¾ã™ã‹ã‚‰,20,61.41,ã´ã´/ãŸã„ã‚„/ã‚ã‹ã®ã™ã‘(2)/æ—¥æœ¬å›½æ†²æ³•/å¡©ã‚µãƒ/ã‚«ã‚¿ãƒ³/ãƒžãƒ«ã‚¤ã¯äºŒé€²æ³•ã§5/ã‚¢ã‚¦ã‚¯(2)/è½¢æ­»/åŠ©ã£äººå¤–å›½äºº(2)/ã“ã“ã¯ãŒ/ãŸãã¿ã™/äº¬ã‚»ãƒ©/å±‹å†…ç”¨é›¨å‚˜/æŠ•ç¥¨ãƒœãƒ¼ãƒŠã‚¹(3)
1225_9720_YBR,2023-07-06,94äºº,ç™Œã®å®£å‘Šã‚’ä¸Šæ‰‹ãèª¤é­”åŒ–ã—ã¦ãã ã•ã„,NA,15ä½,ã‚¢ã‚¤ãƒ¯,å‰äººæœªè¸ã®ã‚¹ãƒ†ãƒ¼ã‚¸5ã‚’ç›®æŒ‡ã—ã¾ã—ã‚‡ã†,19,59.95,ãã„ããƒ¼ã™/ãšãšã‚¨ã•ã‚“/ã­ã‚€ã‚Š/ãƒã‚¸ãƒãƒ¡/GYAI/ã»ã‚ã»ã‚/æ¡œæ¡ƒ/ã‚¿ã‚«ãƒŽãƒªãƒ»ã‚¿ã‚«ãƒŽ/è½¢æ­»/ãƒŽã‚³ãƒŽã‚³death/ç™¼ç‹‚äº­æ€ªæ¨‚/å¤§å–œåˆ©ã®æ¯/æ¡œç”°ãƒ¢ãƒ³ã‚¿ãƒ¼ã‚¸ãƒ¥/BFGH/ãƒ†ã‚£ãƒƒã‚·ãƒ¥ãƒŸãƒ«ã‚¯(2)/æŠ•ç¥¨ãƒœãƒ¼ãƒŠã‚¹(3)
1225_9720_YBR,2023-07-06,94äºº,ç™Œã®å®£å‘Šã‚’ä¸Šæ‰‹ãèª¤é­”åŒ–ã—ã¦ãã ã•ã„,NA,15ä½,ã‚«ãƒ¬ãƒ¼ãƒ©æ°´,æ„å¤–æ€§ãŒç„¡ã„ã“ã¨è¨€ã„ã¾ã™,19,59.95,é´¨ã¨ã‚µã‚¤ã‚³ãƒ­/æ¡ƒå±±ã‚‚ã‚‚ãŸã‚ã†(2)/äººæ°‘å…ƒ(3)/ãƒžãƒ«ã‚¤ã¯äºŒé€²æ³•ã§5/ã‚Šã¨Â°/ã¸ãªã¡ã‚‡ã“/ãŸãã¿ã™(2)/ãªã/ç™¼ç‹‚äº­æ€ªæ¨‚/æ•™ãˆã¦æ¬²ã—ã„ãƒ†ã‚¯ãƒŽãƒ­ã‚¸ãƒ¼/ãƒ†ã‚£ãƒƒã‚·ãƒ¥ãƒŸãƒ«ã‚¯(2)/æŠ•ç¥¨ãƒœãƒ¼ãƒŠã‚¹(3)
1225_9720_YBR,2023-07-06,94äºº,ç™Œã®å®£å‘Šã‚’ä¸Šæ‰‹ãèª¤é­”åŒ–ã—ã¦ãã ã•ã„,NA,15ä½,æ¡ƒå±±ã‚‚ã‚‚ãŸã‚ã†,ã“ã‚Œã‹ã‚‰å…ˆï¼²ï¼´ï¼¡ã§ã™ã‚ˆ,19,59.95,jomajoma(2)/ã­ã‚€ã‚Š(2)/ãµã‚ã£ã¨/ã™ã‚‹ã‚/ã‚¢ã‚¤ãƒ¯/wanumayu/ã‚„ã‚“ã‚ã‚Š/ã­ã“ã‚ã‚“ãŸã„/ã¸ãªã¡ã‚‡ã“/æ°´æ˜Ÿãƒ‰ãƒ©ãƒ ãƒ­ãƒ¼ãƒ«/ãªã/å¤§å–œåˆ©ã®æ¯/å±‹å†…ç”¨é›¨å‚˜/ãƒ©ã‚¹ã‚¿ãƒ¼/æŠ•ç¥¨ãƒœãƒ¼ãƒŠã‚¹(3)
1225_9720_YBR,2023-07-06,94äºº,ç™Œã®å®£å‘Šã‚’ä¸Šæ‰‹ãèª¤é­”åŒ–ã—ã¦ãã ã•ã„,NA,18ä½,ã·ã£ã¡ã‚‡ã«ã‚,ãƒ‘ãƒ³ã¨ã‹ãƒŠãƒ³ã¿ãŸã„ãªå¥´ã§ã™,18,58.49,ã‚«ãƒ¬ãƒ¼ãƒ©æ°´/èŽ‰è’¼/ã­ã‚€ã‚Š/æŽ§ãˆã‚ãªãƒ”ãƒ¼ã‚¹/æ—¥æœ¬å›½æ†²æ³•/æ¡œæ¡ƒ/ã‚„ã‚“ã‚ã‚Š/ã­ã“ã‚ã‚“ãŸã„/æœˆè¦‹é‡Œ/åœŸç”£/T-FOX/è¾°å·³ç«œ/æ¡œç”°ãƒ¢ãƒ³ã‚¿ãƒ¼ã‚¸ãƒ¥/ã‚ã®æ—¥ã®ãƒ‹ãƒ³ãƒ‹/ãƒŸãƒ‹ãƒ™ãƒ­/æŠ•ç¥¨ãƒœãƒ¼ãƒŠã‚¹(3)
1225_9720_YBR,2023-07-06,94äºº,ç™Œã®å®£å‘Šã‚’ä¸Šæ‰‹ãèª¤é­”åŒ–ã—ã¦ãã ã•ã„,NA,19ä½,ãŸã„ã‚„,ã¡ãªã¿ã«ç™Œã£ã¦æ¼¢å­—æ›¸ã‘ã¾ã™ï¼Ÿ,17,57.03,ãšãšã‚¨ã•ã‚“/é¡”é¢æ¿€æˆ¦åŒº(2)/ã²ã¨ã—ãŠã®ã‚ˆã‚ã“ã³/æŽ§ãˆã‚ãªãƒ”ãƒ¼ã‚¹/hashiba/æ—¥æœ¬å›½æ†²æ³•/ã™ã‚‹ã‚/ã‚«ã‚¿ãƒ³/ã‚Šã¨Â°/åœŸç”£/ãŸãã¿ã™/ã’ã‚“ã/æµ…é–“å±±ã‹ã‚‰çœŸã£é€†ã•ã¾/æŠ•ç¥¨ãƒœãƒ¼ãƒŠã‚¹(3)
1225_9720_YBR,2023-07-06,94äºº,ç™Œã®å®£å‘Šã‚’ä¸Šæ‰‹ãèª¤é­”åŒ–ã—ã¦ãã ã•ã„,NA,19ä½,ãƒ•ã‚§ãƒ«ãƒ¡ãƒ¼ãƒ«,è¡ŒããŸã„æ—…è¡Œå…ˆãƒ©ãƒ³ã‚­ãƒ³ã‚°ç½®ã„ã¨ãã¾ã™ã­,17,57.03,ã·ã£ã¡ã‚‡ã«ã‚/ã‚«ãƒ¬ãƒ¼ãƒ©æ°´/æ¡ƒå±±ã‚‚ã‚‚ãŸã‚ã†(2)/é¡”é¢æ¿€æˆ¦åŒº/ã‚ã‹ã®ã™ã‘(2)/ã»ã‚ã»ã‚/è¾°å·³ç«œ/äº¬ã‚»ãƒ©(3)/å±‹å†…ç”¨é›¨å‚˜/ãƒ—ãƒ¼ã‚¢ãƒ«èŒ¶/æŠ•ç¥¨ãƒœãƒ¼ãƒŠã‚¹(3)
1225_9720_YBR,2023-07-06,94äºº,ç™Œã®å®£å‘Šã‚’ä¸Šæ‰‹ãèª¤é­”åŒ–ã—ã¦ãã ã•ã„,NA,19ä½,ä»–ã®ï¼°,ã‚¢ãƒ•ãƒ©ãƒƒã‚¯ã£ã¦ã„ã„ä¼šç¤¾ã§ã™ã‚ˆã­,17,57.03,ãŠã³ã‚ã‚“/ãƒ™ã‚¿ãƒ¼ãªãƒã‚§ã‚¢/ç”·çˆµã„ã‚‚/ã‚ã‚‹äºº(2)/ã­ã‚€ã‚Š/å¡©ã‚µãƒ/ã‚¢ã‚¤ãƒ¯/é»’èƒ¡æ¤’/åŠ©ã£äººå¤–å›½äºº(3)/T-FOX/ãªã/æŠ•ç¥¨ãƒœãƒ¼ãƒŠã‚¹(3)
1225_9720_YBR,2023-07-06,94äºº,ç™Œã®å®£å‘Šã‚’ä¸Šæ‰‹ãèª¤é­”åŒ–ã—ã¦ãã ã•ã„,NA,22ä½,ã‚Šã™,ã„ã„å¤ã«ã—ã¾ã—ã‚‡ã†,16,55.57,ã“ã‚“ãºã„ã¨ã†é›‘èªŒ/é´¨ã¨ã‚µã‚¤ã‚³ãƒ­/èŽ‰è’¼/ã‚¢ã‚¤ãƒ¯/ã‚„ã‚“ã‚ã‚Š/ã‚Šã¨Â°/ãƒ•ã‚§ãƒ«ãƒ¡ãƒ¼ãƒ«/å¤§å–œåˆ©ã®æ¯/ã’ã‚“ã/æµ…é–“å±±ã‹ã‚‰çœŸã£é€†ã•ã¾/å†·é£Ÿãƒ‘ã‚¹ã‚¿ãƒ¬ãƒ“ãƒ¥ãƒ¼/ãƒŸãƒ‹ãƒ™ãƒ­/å±‹å†…ç”¨é›¨å‚˜/æŠ•ç¥¨ãƒœãƒ¼ãƒŠã‚¹(3)
1225_9720_YBR,2023-07-06,94äºº,ç™Œã®å®£å‘Šã‚’ä¸Šæ‰‹ãèª¤é­”åŒ–ã—ã¦ãã ã•ã„,NA,22ä½,å±‹å†…ç”¨é›¨å‚˜,å½“ãŸã‚Šã ã‘ã©ãƒã‚ºãƒ¬ã§ã™ã­,16,55.57,ãŠã³ã‚ã‚“/ãƒ™ã‚¿ãƒ¼ãªãƒã‚§ã‚¢/é´¨ã¨ã‚µã‚¤ã‚³ãƒ­/é¡”é¢æ¿€æˆ¦åŒº/æŽ§ãˆã‚ãªãƒ”ãƒ¼ã‚¹/ãƒŽã‚³ãƒŽã‚³death/ã‚„ã‚“ã‚ã‚Š/æœºä¸Šã§å®Ÿæ¼”/ã“ã“ã¯ãŒ/ã¸ãªã¡ã‚‡ã“/ãªã/å¤§å–œåˆ©ã®æ¯/å†·é£Ÿãƒ‘ã‚¹ã‚¿ãƒ¬ãƒ“ãƒ¥ãƒ¼/æŠ•ç¥¨ãƒœãƒ¼ãƒŠã‚¹(3)
1225_9720_YBR,2023-07-06,94äºº,ç™Œã®å®£å‘Šã‚’ä¸Šæ‰‹ãèª¤é­”åŒ–ã—ã¦ãã ã•ã„,NA,24ä½,ãƒãƒ ,è¦‹ãˆã‚‹æ™¯è‰²ãœã‚“ãœã‚“å¤‰ã‚ã‚‹ã‹ã‚‰,15,54.11,ç§‹æœˆæå­/ã‚ã‚‹äºº(2)/hashiba/ãƒ‘ãƒ¼ãƒ—ãƒ«ãƒãƒ¼ãƒ•(3)/æœºä¸Šã§å®Ÿæ¼”/æœˆè¦‹é‡Œ/åœŸç”£/ã’ã‚“ã/å±‹å†…ç”¨é›¨å‚˜/æŠ•ç¥¨ãƒœãƒ¼ãƒŠã‚¹(3)
1225_9720_YBR,2023-07-06,94äºº,ç™Œã®å®£å‘Šã‚’ä¸Šæ‰‹ãèª¤é­”åŒ–ã—ã¦ãã ã•ã„,NA,24ä½,ãƒã‚¸ãƒãƒ¡,è¿‘ã„å°†æ¥ãƒã‚²ã¾ã™,15,54.11,ãã„ããƒ¼ã™/é´¨ã¨ã‚µã‚¤ã‚³ãƒ­/ãŸã„ã‚„/ã‚ã‚‹äºº/ã‚ã‹ã®ã™ã‘/GYAI/ã»ã‚ã»ã‚/æ¡œæ¡ƒ/ã“ã“ã¯ãŒ/åœŸç”£/ãƒ—ãƒ¼ã‚¢ãƒ«èŒ¶(2)/æŠ•ç¥¨ãƒœãƒ¼ãƒŠã‚¹(3)
1225_9720_YBR,2023-07-06,94äºº,ç™Œã®å®£å‘Šã‚’ä¸Šæ‰‹ãèª¤é­”åŒ–ã—ã¦ãã ã•ã„,NA,24ä½,äººæ°‘å…ƒ,ã‚·ãƒ§ãƒ¼ãƒˆã‚³ãƒ³ãƒˆã€Œã‚ãªãŸã¯ç™Œã§ã™ã€,15,54.11,ã­ã‚€ã‚Š/hashiba/GYAI/ã™ã‚‹ã‚/æ¡œæ¡ƒ/ã‚¿ã‚«ãƒŽãƒªãƒ»ã‚¿ã‚«ãƒŽ/å¾®ç”Ÿç‰©ã®ã‹ãŸã¾ã‚Š/ãƒžãƒ«ã‚¤ã¯äºŒé€²æ³•ã§5/ã“ã“ã¯ãŒ/é«˜è¦‹ç››/ã‚Šã™/ãƒŸãƒ‹ãƒ™ãƒ­/æŠ•ç¥¨ãƒœãƒ¼ãƒŠã‚¹(3)
1225_9720_YBR,2023-07-06,94äºº,ç™Œã®å®£å‘Šã‚’ä¸Šæ‰‹ãèª¤é­”åŒ–ã—ã¦ãã ã•ã„,NA,27ä½,ã»ã‚‚ã‚ˆã‚ã‚“,å°èª¬ã ã£ãŸã‚‰ã“ã“ãŒä¸€ç•ªç››ã‚Šä¸ŠãŒã‚Šã¾ã™ã­,14,52.65,æŽ§ãˆã‚ãªãƒ”ãƒ¼ã‚¹/ãƒ‘ãƒ¼ãƒ—ãƒ«ãƒãƒ¼ãƒ•(3)/ã‚ã‹ã®ã™ã‘/GYAI/ãƒŽã‚³ãƒŽã‚³death/é»’èƒ¡æ¤’/ã‚„ã‚“ã‚ã‚Š/æœˆè¦‹é‡Œ/ç™¼ç‹‚äº­æ€ªæ¨‚/ã’ã‚“ã/å†·é£Ÿãƒ‘ã‚¹ã‚¿ãƒ¬ãƒ“ãƒ¥ãƒ¼/ãƒ†ã‚£ãƒƒã‚·ãƒ¥ãƒŸãƒ«ã‚¯
1225_9720_YBR,2023-07-06,94äºº,ç™Œã®å®£å‘Šã‚’ä¸Šæ‰‹ãèª¤é­”åŒ–ã—ã¦ãã ã•ã„,NA,27ä½,å„A,è‚ºã«ã‚³ãƒãƒ³ã‚¶ãƒ¡ãŒã„ã¾ã™,14,52.65,ãŠã³ã‚ã‚“/ãƒã‚¸ãƒãƒ¡/ã•ã„ã“ã‚ã¡ã‚ƒã‚‰ã¿ã‚“(2)/æ—¥æœ¬å›½æ†²æ³•/ãƒ•ã‚§ãƒ«ãƒ¡ãƒ¼ãƒ«/æ°´æ˜Ÿãƒ‰ãƒ©ãƒ ãƒ­ãƒ¼ãƒ«(2)/è¾°å·³ç«œ/é«˜è¦‹ç››/ãƒ—ãƒ¼ã‚¢ãƒ«èŒ¶/æŠ•ç¥¨ãƒœãƒ¼ãƒŠã‚¹(3)
1225_9720_YBR,2023-07-06,94äºº,ç™Œã®å®£å‘Šã‚’ä¸Šæ‰‹ãèª¤é­”åŒ–ã—ã¦ãã ã•ã„,NA,27ä½,åœŸç”£,ã€ŒãŒã€ã§å§‹ã¾ã£ã¦ã€Œã‚“ã€ã§çµ‚ã‚ã‚‹ã‚„ã¤ã§ã™,14,52.65,ãƒ™ã‚¿ãƒ¼ãªãƒã‚§ã‚¢/ã‚«ãƒ¬ãƒ¼ãƒ©æ°´/ãƒ€ã‚¤ãƒ‹ãƒƒãƒãƒ³/æŽ§ãˆã‚ãªãƒ”ãƒ¼ã‚¹/ã™ã‚‹ã‚/æ¡œæ¡ƒ(3)/ã‚¢ã‚¦ã‚¯/é«˜è¦‹ç››/ä»–ã®ï¼°/æŠ•ç¥¨ãƒœãƒ¼ãƒŠã‚¹(3)
1225_9720_YBR,2023-07-06,94äºº,ç™Œã®å®£å‘Šã‚’ä¸Šæ‰‹ãèª¤é­”åŒ–ã—ã¦ãã ã•ã„,NA,30ä½,GYAI,è²´æ–¹ã¯é ‘å¼µã‚Šå±‹ã§ã™ã­ã€‚è‰¯ããŒã‚“ã°ã‚Šã¾ã—ãŸã€‚ç™Œã§ã™ã€‚,13,51.19,ãƒ€ã‚¤ãƒ‹ãƒƒãƒãƒ³(3)/ã­ã‚€ã‚Š/ã™ã‚‹ã‚/å¡©ã‚µãƒ/T-FOX(2)/æ•™ãˆã¦æ¬²ã—ã„ãƒ†ã‚¯ãƒŽãƒ­ã‚¸ãƒ¼/ã‚ã®æ—¥ã®ãƒ‹ãƒ³ãƒ‹/æŠ•ç¥¨ãƒœãƒ¼ãƒŠã‚¹(3)
1225_9720_YBR,2023-07-06,94äºº,ç™Œã®å®£å‘Šã‚’ä¸Šæ‰‹ãèª¤é­”åŒ–ã—ã¦ãã ã•ã„,NA,30ä½,wanumayu,ç–’å£å£å£å±±,13,51.19,ã‚«ãƒ¬ãƒ¼ãƒ©æ°´/èŽ‰è’¼/ã‚ã‚‹äºº(2)/ã­ã‚€ã‚Š/æ—¥æœ¬å›½æ†²æ³•/ã‚¿ã‚«ãƒŽãƒªãƒ»ã‚¿ã‚«ãƒŽ/å¾®ç”Ÿç‰©ã®ã‹ãŸã¾ã‚Š/æœºä¸Šã§å®Ÿæ¼”/ã‚Šã™/æŠ•ç¥¨ãƒœãƒ¼ãƒŠã‚¹(3)
1225_9720_YBR,2023-07-06,94äºº,ç™Œã®å®£å‘Šã‚’ä¸Šæ‰‹ãèª¤é­”åŒ–ã—ã¦ãã ã•ã„,NA,30ä½,ãªã‚“ã“ã¤,ãƒžãƒªã‚ªã§è¨€ã†ã¨ãƒžã‚°ãƒžã®ã‚¹ãƒ†ãƒ¼ã‚¸ã§ã™,13,51.19,ç”·çˆµã„ã‚‚/ãã„ããƒ¼ã™/æŽ§ãˆã‚ãªãƒ”ãƒ¼ã‚¹/ã™ã‚‹ã‚/ã‚¿ã‚«ãƒŽãƒªãƒ»ã‚¿ã‚«ãƒŽ/å¾®ç”Ÿç‰©ã®ã‹ãŸã¾ã‚Š/ã¸ãªã¡ã‚‡ã“(3)/ãƒ©ã‚¹ã‚¿ãƒ¼/æŠ•ç¥¨ãƒœãƒ¼ãƒŠã‚¹(3)
1225_9720_YBR,2023-07-06,94äºº,ç™Œã®å®£å‘Šã‚’ä¸Šæ‰‹ãèª¤é­”åŒ–ã—ã¦ãã ã•ã„,NA,30ä½,è½¢æ­»,å¤§å¤‰ç”³ã—ä¸Šã’ã«ãã„ã€ã¨ã„ã†ã“ã¨ã ã‘ãŠä¼ãˆã—ã¾ã™ã€‚,13,51.19,ãƒ™ã‚¿ãƒ¼ãªãƒã‚§ã‚¢/é´¨ã¨ã‚µã‚¤ã‚³ãƒ­/ã²ã¨ã—ãŠã®ã‚ˆã‚ã“ã³/ã­ã‚€ã‚Š/å¡©ã‚µãƒ/æ¡œæ¡ƒ/ãƒãƒ /æœˆè¦‹é‡Œ/ç™¼ç‹‚äº­æ€ªæ¨‚/å±‹å†…ç”¨é›¨å‚˜/æŠ•ç¥¨ãƒœãƒ¼ãƒŠã‚¹(3)
1225_9720_YBR,2023-07-06,94äºº,ç™Œã®å®£å‘Šã‚’ä¸Šæ‰‹ãèª¤é­”åŒ–ã—ã¦ãã ã•ã„,NA,30ä½,é«˜è¦‹ç››,ç´°èƒžãŒæ€æ˜¥æœŸã‚’è¿ŽãˆãŸã‚ˆ,13,51.19,ãŠã³ã‚ã‚“/ãŸã„ã‚„/ã²ã¨ã—ãŠã®ã‚ˆã‚ã“ã³/GYAI/è½¢æ­»/ã‚Šã¨Â°/åŠ©ã£äººå¤–å›½äºº(2)/ãƒ•ã‚§ãƒ«ãƒ¡ãƒ¼ãƒ«/å†·é£Ÿãƒ‘ã‚¹ã‚¿ãƒ¬ãƒ“ãƒ¥ãƒ¼/æŠ•ç¥¨ãƒœãƒ¼ãƒŠã‚¹(3)
1225_9720_YBR,2023-07-06,94äºº,ç™Œã®å®£å‘Šã‚’ä¸Šæ‰‹ãèª¤é­”åŒ–ã—ã¦ãã ã•ã„,NA,30ä½,é´¨ã¨ã‚µã‚¤ã‚³ãƒ­,æ‚”ã—ã„ã§ã™ã‚ˆã­,13,51.19,ç§‹æœˆæå­/hashiba/ãƒãƒ /åŠ©ã£äººå¤–å›½äºº/åœŸç”£/è¾°å·³ç«œ/ã’ã‚“ã/ã‚ã®æ—¥ã®ãƒ‹ãƒ³ãƒ‹/ã‚Šã™/ãƒ†ã‚£ãƒƒã‚·ãƒ¥ãƒŸãƒ«ã‚¯/æŠ•ç¥¨ãƒœãƒ¼ãƒŠã‚¹(3)
1225_9720_YBR,2023-07-06,94äºº,ç™Œã®å®£å‘Šã‚’ä¸Šæ‰‹ãèª¤é­”åŒ–ã—ã¦ãã ã•ã„,NA,36ä½,jomajoma,ã‚ã€ãƒŸã‚¹ãƒãƒ«æµã‚Œã¦ã¾ã™ã‚ˆ,12,49.73,ã·ã£ã¡ã‚‡ã«ã‚/ç”·çˆµã„ã‚‚/ã“ã‚“ãºã„ã¨ã†é›‘èªŒ/ã­ã‚€ã‚Š/ãƒã‚¸ãƒãƒ¡/æ—¥æœ¬å›½æ†²æ³•/T-FOX/ã‚Šã™/ä»–ã®ï¼°/æŠ•ç¥¨ãƒœãƒ¼ãƒŠã‚¹(3)
1225_9720_YBR,2023-07-06,94äºº,ç™Œã®å®£å‘Šã‚’ä¸Šæ‰‹ãèª¤é­”åŒ–ã—ã¦ãã ã•ã„,NA,36ä½,ã“ã‚“ãºã„ã¨ã†é›‘èªŒ,ãƒ€ãƒ¡ã‚¤ãƒ³ãƒ•ãƒ«ã§ã™,12,49.73,ãŠã³ã‚ã‚“/ã‚«ãƒ¬ãƒ¼ãƒ©æ°´/é¡”é¢æ¿€æˆ¦åŒº(2)/ãƒã‚¸ãƒãƒ¡/é»’èƒ¡æ¤’/æ•™ãˆã¦æ¬²ã—ã„ãƒ†ã‚¯ãƒŽãƒ­ã‚¸ãƒ¼/ä»–ã®ï¼°/ãªã‚“ã“ã¤/æŠ•ç¥¨ãƒœãƒ¼ãƒŠã‚¹(3)
1225_9720_YBR,2023-07-06,94äºº,ç™Œã®å®£å‘Šã‚’ä¸Šæ‰‹ãèª¤é­”åŒ–ã—ã¦ãã ã•ã„,NA,36ä½,ã‚«ã‚¿ãƒ³,ã‚„ã¿ã¤ãï¼ç„¡é™ç´°èƒž,12,49.73,æ¡ƒå±±ã‚‚ã‚‚ãŸã‚ã†(2)/ã­ã‚€ã‚Š/ã•ã„ã“ã‚ã¡ã‚ƒã‚‰ã¿ã‚“/æ—¥æœ¬å›½æ†²æ³•/ã™ã‚‹ã‚/åŠ©ã£äººå¤–å›½äºº(2)/ãƒ—ãƒ¼ã‚¢ãƒ«èŒ¶/æŠ•ç¥¨ãƒœãƒ¼ãƒŠã‚¹(3)
1225_9720_YBR,2023-07-06,94äºº,ç™Œã®å®£å‘Šã‚’ä¸Šæ‰‹ãèª¤é­”åŒ–ã—ã¦ãã ã•ã„,NA,36ä½,ã‚¿ã‚«ãƒŽãƒªãƒ»ã‚¿ã‚«ãƒŽ,"ã‚¨ãƒ³ãƒˆãƒªãƒ¼No.297 ãƒŸãƒ«ã‚¯ãƒœãƒ¼ã‚¤ï¼
ã‚¤ã‚¹ã‚¬ãƒ³ã‚¬ãƒ³ã‚¬ãƒ³ã‚¬ãƒ³ã‚¬ãƒ³ãŠå‰ç™Œã‚¬ãƒ³ã‚¬ãƒ³ï¼",12,49.73,ã´ã´/ã­ã‚€ã‚Š(3)/æ—¥æœ¬å›½æ†²æ³•/GYAI/åœŸç”£/BFGH/ãªã‚“ã“ã¤/æŠ•ç¥¨ãƒœãƒ¼ãƒŠã‚¹(3)
1225_9720_YBR,2023-07-06,94äºº,ç™Œã®å®£å‘Šã‚’ä¸Šæ‰‹ãèª¤é­”åŒ–ã—ã¦ãã ã•ã„,NA,36ä½,å¤­æ‰‹,è¶£å‘³ã¯é•·ç¶šãã—ãªã„ã‹ã‚‚,12,49.73,ã“ã‚“ãºã„ã¨ã†é›‘èªŒ/å¡©ã‚µãƒ/ã»ã‚ã»ã‚/ã‚¢ã‚¤ãƒ¯/ãƒžãƒ«ã‚¤ã¯äºŒé€²æ³•ã§5/ã‚„ã‚“ã‚ã‚Š/ãƒãƒ /æœºä¸Šã§å®Ÿæ¼”/ã“ã“ã¯ãŒ/é«˜è¦‹ç››/å†·é£Ÿãƒ‘ã‚¹ã‚¿ãƒ¬ãƒ“ãƒ¥ãƒ¼/å±‹å†…ç”¨é›¨å‚˜
1225_9720_YBR,2023-07-06,94äºº,ç™Œã®å®£å‘Šã‚’ä¸Šæ‰‹ãèª¤é­”åŒ–ã—ã¦ãã ã•ã„,NA,36ä½,ç”·çˆµã„ã‚‚,å‰²ã¨å¼·ã‚ã®é¢¨é‚ªã§ã™ã­,12,49.73,é´¨ã¨ã‚µã‚¤ã‚³ãƒ­/ãµã‚ã£ã¨/ã™ã‚‹ã‚/ã‚Šã¨Â°/ã­ã“ã‚ã‚“ãŸã„/å¤§å–œåˆ©ã®æ¯/é«˜è¦‹ç››/æµ…é–“å±±ã‹ã‚‰çœŸã£é€†ã•ã¾/ãƒ—ãƒ¼ã‚¢ãƒ«èŒ¶/æŠ•ç¥¨ãƒœãƒ¼ãƒŠã‚¹(3)
1225_9720_YBR,2023-07-06,94äºº,ç™Œã®å®£å‘Šã‚’ä¸Šæ‰‹ãèª¤é­”åŒ–ã—ã¦ãã ã•ã„,NA,42ä½,ã‚ã®æ—¥ã®ãƒ‹ãƒ³ãƒ‹,ã‚»ãƒŸã£ã¦çµå±€æ¯Žå¹´é³´ã„ã¦ã¾ã™ã­,11,48.27,ã´ã´/ã“ã‚“ãºã„ã¨ã†é›‘èªŒ/é¡”é¢æ¿€æˆ¦åŒº/å„A/ãµã‚ã£ã¨/æœºä¸Šã§å®Ÿæ¼”/ãªã/è¾°å·³ç«œ/æŠ•ç¥¨ãƒœãƒ¼ãƒŠã‚¹(3)
1225_9720_YBR,2023-07-06,94äºº,ç™Œã®å®£å‘Šã‚’ä¸Šæ‰‹ãèª¤é­”åŒ–ã—ã¦ãã ã•ã„,NA,42ä½,ã„ã•ã½ã‚ã‚“,ã¾ãã§ã‚‚ä»Šæ­»ã¬ã£ã¦ã‚ã‘ã˜ã‚ƒãªã„ã®ã§ï¼,11,48.27,ã·ã£ã¡ã‚‡ã«ã‚/ã´ã´/ã‚«ãƒ¬ãƒ¼ãƒ©æ°´/ãƒ€ã‚¤ãƒ‹ãƒƒãƒãƒ³(2)/hashiba/ãƒžãƒ«ã‚¤ã¯äºŒé€²æ³•ã§5/ãã«/T-FOX/å±‹å†…ç”¨é›¨å‚˜/ãªã‚“ã“ã¤
1225_9720_YBR,2023-07-06,94äºº,ç™Œã®å®£å‘Šã‚’ä¸Šæ‰‹ãèª¤é­”åŒ–ã—ã¦ãã ã•ã„,NA,42ä½,ãƒ†ã‚£ãƒƒã‚·ãƒ¥ãƒŸãƒ«ã‚¯,ã‚ã‚Œã§ã™ã€ã¿ã‚“ãªã‚„ã£ã¦ã‚‹ã‚„ã¤ã§ã™,11,48.27,ã·ã£ã¡ã‚‡ã«ã‚/ãã„ããƒ¼ã™/ã‚«ãƒ¬ãƒ¼ãƒ©æ°´/ãŸã„ã‚„/å„A/ã‚«ã‚¿ãƒ³/æœºä¸Šã§å®Ÿæ¼”/åŠ©ã£äººå¤–å›½äºº/æŠ•ç¥¨ãƒœãƒ¼ãƒŠã‚¹(3)
1225_9720_YBR,2023-07-06,94äºº,ç™Œã®å®£å‘Šã‚’ä¸Šæ‰‹ãèª¤é­”åŒ–ã—ã¦ãã ã•ã„,NA,42ä½,äº¬ã‚»ãƒ©,"Q.ç©ºæ¬„ã‚’åŸ‹ã‚ã‚ˆ
ã€Œå¤§é€ ã˜ã„ã•ã‚“ã¨ã€‡ã€‡ã€",11,48.27,ãƒ™ã‚¿ãƒ¼ãªãƒã‚§ã‚¢/ã­ã‚€ã‚Š(3)/å¾®ç”Ÿç‰©ã®ã‹ãŸã¾ã‚Š/è½¢æ­»(2)/ãƒ†ã‚£ãƒƒã‚·ãƒ¥ãƒŸãƒ«ã‚¯/æŠ•ç¥¨ãƒœãƒ¼ãƒŠã‚¹(3)
1225_9720_YBR,2023-07-06,94äºº,ç™Œã®å®£å‘Šã‚’ä¸Šæ‰‹ãèª¤é­”åŒ–ã—ã¦ãã ã•ã„,NA,42ä½,æµ…é–“å±±ã‹ã‚‰çœŸã£é€†ã•ã¾,ãŒã‚“â€¦â€¦ã°ã‚Šã¾ã—ã‚‡ã†ã­,11,48.27,ã´ã´/ã­ã‚€ã‚Š/hashiba/ãƒ‘ãƒ¼ãƒ—ãƒ«ãƒãƒ¼ãƒ•(3)/GYAI/ã™ã‚‹ã‚/æŠ•ç¥¨ãƒœãƒ¼ãƒŠã‚¹(3)
1225_9720_YBR,2023-07-06,94äºº,ç™Œã®å®£å‘Šã‚’ä¸Šæ‰‹ãèª¤é­”åŒ–ã—ã¦ãã ã•ã„,NA,42ä½,é¡”é¢æ¿€æˆ¦åŒº,ã‚ã‚“ãŸãƒã‚°ã£ã¦ã‚‹ã‚ˆ,11,48.27,ç”·çˆµã„ã‚‚/é´¨ã¨ã‚µã‚¤ã‚³ãƒ­/ãŸã„ã‚„/è¾°å·³ç«œ/ã’ã‚“ã/æ¹¿ã‚‹æ°—æŒã¡(2)/å±‹å†…ç”¨é›¨å‚˜/æŠ•ç¥¨ãƒœãƒ¼ãƒŠã‚¹(3)
1225_9720_YBR,2023-07-06,94äºº,ç™Œã®å®£å‘Šã‚’ä¸Šæ‰‹ãèª¤é­”åŒ–ã—ã¦ãã ã•ã„,NA,48ä½,ã™ã‚‹ã‚,ã‚ãªãŸã¯ä»Šæ—¥ã‹ã‚‰èŸ¹åº§ã§ã™,10,46.81,ãã„ããƒ¼ã™(2)/ç§‹æœˆæå­/ã‚¢ã‚¤ãƒ¯/ç™¼ç‹‚äº­æ€ªæ¨‚/ãƒŸãƒ‹ãƒ™ãƒ­(2)/æŠ•ç¥¨ãƒœãƒ¼ãƒŠã‚¹(3)
1225_9720_YBR,2023-07-06,94äºº,ç™Œã®å®£å‘Šã‚’ä¸Šæ‰‹ãèª¤é­”åŒ–ã—ã¦ãã ã•ã„,NA,48ä½,ãªã,æ°—æŒã¡æ¬¡ç¬¬ã£ã¦æ„Ÿã˜ã§ã™ã­,10,46.81,ã·ã£ã¡ã‚‡ã«ã‚/å¶å‡ºæ®´æµ/ç§‹æœˆæå­/ã»ã‚ã»ã‚/æœˆè¦‹é‡Œ/ãã«/ã‚ã®æ—¥ã®ãƒ‹ãƒ³ãƒ‹/æŠ•ç¥¨ãƒœãƒ¼ãƒŠã‚¹(3)
1225_9720_YBR,2023-07-06,94äºº,ç™Œã®å®£å‘Šã‚’ä¸Šæ‰‹ãèª¤é­”åŒ–ã—ã¦ãã ã•ã„,NA,48ä½,ã»ã‚ã»ã‚,ãŠã“ã’ã¿ãŸã„ã§ç¾Žå‘³ã—ãã†ã§ã™ã­,10,46.81,jomajoma/hashiba/ã•ã„ã“ã‚ã¡ã‚ƒã‚‰ã¿ã‚“/GYAI/ã‚Šã¨Â°/ãªã(2)/æŠ•ç¥¨ãƒœãƒ¼ãƒŠã‚¹(3)
1225_9720_YBR,2023-07-06,94äºº,ç™Œã®å®£å‘Šã‚’ä¸Šæ‰‹ãèª¤é­”åŒ–ã—ã¦ãã ã•ã„,NA,48ä½,ãƒ€ã‚¤ã‚³ãƒ³ãƒ€ãƒ³ã‚¯,ã»ã‚‰ï¼è‹¥ã„ã†ã¡ã‹ã‚‰è‰²ã€…çµŒé¨“ã—ã¨ãã¨è‰¯ã„ã£ã¦ã„ã„ã¾ã™ã‚‚ã‚“ã­,10,46.81,ã·ã£ã¡ã‚‡ã«ã‚/ãã„ããƒ¼ã™/ã­ã‚€ã‚Š/GYAI/ã‚¿ã‚«ãƒŽãƒªãƒ»ã‚¿ã‚«ãƒŽ/ã‚¢ã‚¦ã‚¯(3)/åŠ©ã£äººå¤–å›½äºº(2)
1225_9720_YBR,2023-07-06,94äºº,ç™Œã®å®£å‘Šã‚’ä¸Šæ‰‹ãèª¤é­”åŒ–ã—ã¦ãã ã•ã„,NA,48ä½,ãƒ€ã‚¤ãƒ‹ãƒƒãƒãƒ³,å°ã•ã„æ™‚é™çˆ†å¼¾ã¿ãŸã„ãªç‰©ã§ã™,10,46.81,èŽ‰è’¼/wanumayu(2)/ã¸ãªã¡ã‚‡ã“/ãã«/äº¬ã‚»ãƒ©/å±‹å†…ç”¨é›¨å‚˜/æŠ•ç¥¨ãƒœãƒ¼ãƒŠã‚¹(3)
1225_9720_YBR,2023-07-06,94äºº,ç™Œã®å®£å‘Šã‚’ä¸Šæ‰‹ãèª¤é­”åŒ–ã—ã¦ãã ã•ã„,NA,48ä½,ãƒ–ãƒ©ã‚¤ãƒˆãƒ³,åŠ¹æžœéŸ³ã§è¡¨ã™ã¨ã‚¬ãƒ¼ãƒ³ã¦æ„Ÿã˜ã§ã™ã€‚,10,46.81,ãŠã³ã‚ã‚“/ã™ã‚‹ã‚/é»’èƒ¡æ¤’/ã‚Šã¨Â°/ã­ã“ã‚ã‚“ãŸã„/åœŸç”£/ãƒ•ã‚§ãƒ«ãƒ¡ãƒ¼ãƒ«/æ¡œç”°ãƒ¢ãƒ³ã‚¿ãƒ¼ã‚¸ãƒ¥/æµ…é–“å±±ã‹ã‚‰çœŸã£é€†ã•ã¾/BFGH
1225_9720_YBR,2023-07-06,94äºº,ç™Œã®å®£å‘Šã‚’ä¸Šæ‰‹ãèª¤é­”åŒ–ã—ã¦ãã ã•ã„,NA,48ä½,ãƒ—ãƒ¼ã‚¢ãƒ«èŒ¶,å‹é”ã®å‹é”ã«èžã„ãŸã‚“ã ã‘ã©ã€ãªã‚“ã‹ãƒ¤ãƒã„ã‚“ã ã£ã¦,10,46.81,ãƒ™ã‚¿ãƒ¼ãªãƒã‚§ã‚¢/å¾®ç”Ÿç‰©ã®ã‹ãŸã¾ã‚Š/ãƒŽã‚³ãƒŽã‚³death/ãã«/ãƒ†ã‚£ãƒƒã‚·ãƒ¥ãƒŸãƒ«ã‚¯(2)/ãªã‚“ã“ã¤/æŠ•ç¥¨ãƒœãƒ¼ãƒŠã‚¹(3)
1225_9720_YBR,2023-07-06,94äºº,ç™Œã®å®£å‘Šã‚’ä¸Šæ‰‹ãèª¤é­”åŒ–ã—ã¦ãã ã•ã„,NA,48ä½,å†·é£Ÿãƒ‘ã‚¹ã‚¿ãƒ¬ãƒ“ãƒ¥ãƒ¼,"è‚ºãŒ""ã‚¬ãƒ³ã‚¬ãƒ³ã„ã“ã†ãœ""ã£ã¦æ„Ÿã˜ã§",10,46.81,ã»ã‚ã»ã‚/ãƒžãƒ«ã‚¤ã¯äºŒé€²æ³•ã§5/ã‚¢ã‚¦ã‚¯(2)/å¤§å–œåˆ©ã®æ¯(2)/ãƒ©ã‚¹ã‚¿ãƒ¼/æŠ•ç¥¨ãƒœãƒ¼ãƒŠã‚¹(3)
1225_9720_YBR,2023-07-06,94äºº,ç™Œã®å®£å‘Šã‚’ä¸Šæ‰‹ãèª¤é­”åŒ–ã—ã¦ãã ã•ã„,NA,48ä½,æ°´æ˜Ÿãƒ‰ãƒ©ãƒ ãƒ­ãƒ¼ãƒ«,ã‚ãªãŸã®ç´°èƒžã¯ã€å°‘ã—ãŠèŒ¶ç›®ãªã¨ã“ã‚ãŒã‚ã‚‹ã¿ãŸã„ã§ã™,10,46.81,ã‚ã‚‹äºº(2)/ãµã‚ã£ã¨/æ¡œæ¡ƒ(2)/ã‚Šã¨Â°/å±‹å†…ç”¨é›¨å‚˜/æŠ•ç¥¨ãƒœãƒ¼ãƒŠã‚¹(3)
1225_9720_YBR,2023-07-06,94äºº,ç™Œã®å®£å‘Šã‚’ä¸Šæ‰‹ãèª¤é­”åŒ–ã—ã¦ãã ã•ã„,NA,57ä½,T-FOX,ãŒã‚“â€¦ã°ã‚Œï¼,9,45.35,jomajoma/ãŸã„ã‚„/ãƒã‚¸ãƒãƒ¡/GYAI/ã™ã‚‹ã‚/é»’èƒ¡æ¤’/æŠ•ç¥¨ãƒœãƒ¼ãƒŠã‚¹(3)
1225_9720_YBR,2023-07-06,94äºº,ç™Œã®å®£å‘Šã‚’ä¸Šæ‰‹ãèª¤é­”åŒ–ã—ã¦ãã ã•ã„,NA,57ä½,ã“ã“ã¯ãŒ,ã“ã®å½±ã¯ãƒŽãƒ™ãƒ«ãƒ†ã‚£ã§ã™,9,45.35,ã´ã´/ã“ã‚“ãºã„ã¨ã†é›‘èªŒ/ã•ã„ã“ã‚ã¡ã‚ƒã‚‰ã¿ã‚“/ãŸãã¿ã™/ç™¼ç‹‚äº­æ€ªæ¨‚/ãªã‚“ã“ã¤/æŠ•ç¥¨ãƒœãƒ¼ãƒŠã‚¹(3)
1225_9720_YBR,2023-07-06,94äºº,ç™Œã®å®£å‘Šã‚’ä¸Šæ‰‹ãèª¤é­”åŒ–ã—ã¦ãã ã•ã„,NA,57ä½,ã­ã‚€ã‚Š,ã‚ãªãŸä»Šã‚ã£ã£ã£ã£ã£ã£ã¡ã‚ƒå¼·ã„ç—…æ°—ã«ã‹ã‹ã£ã¦ã¾ã™,9,45.35,å¶å‡ºæ®´æµ/æ—¥æœ¬å›½æ†²æ³•/GYAI/ãƒ•ã‚§ãƒ«ãƒ¡ãƒ¼ãƒ«/å±‹å†…ç”¨é›¨å‚˜/ãƒ©ã‚¹ã‚¿ãƒ¼/æŠ•ç¥¨ãƒœãƒ¼ãƒŠã‚¹(3)
1225_9720_YBR,2023-07-06,94äºº,ç™Œã®å®£å‘Šã‚’ä¸Šæ‰‹ãèª¤é­”åŒ–ã—ã¦ãã ã•ã„,NA,57ä½,ãµã‚ã£ã¨,å •å¤©ä½¿ã‚’å­•ã¿ã¾ã—ãŸ,9,45.35,ã­ã‚€ã‚Š/å¡©ã‚µãƒ/ã‚¢ã‚¤ãƒ¯(2)/æœºä¸Šã§å®Ÿæ¼”/ä»–ã®ï¼°/æŠ•ç¥¨ãƒœãƒ¼ãƒŠã‚¹(3)
1225_9720_YBR,2023-07-06,94äºº,ç™Œã®å®£å‘Šã‚’ä¸Šæ‰‹ãèª¤é­”åŒ–ã—ã¦ãã ã•ã„,NA,57ä½,æ¹¿ã‚‹æ°—æŒã¡,Wiiãƒžãƒªã‚ªã®æµ·ã®é¢ã§ã™ã­,9,45.35,ã“ã‚“ãºã„ã¨ã†é›‘èªŒ/ã•ã„ã“ã‚ã¡ã‚ƒã‚‰ã¿ã‚“/é»’èƒ¡æ¤’/åŠ©ã£äººå¤–å›½äºº(2)/T-FOX/æŠ•ç¥¨ãƒœãƒ¼ãƒŠã‚¹(3)
1225_9720_YBR,2023-07-06,94äºº,ç™Œã®å®£å‘Šã‚’ä¸Šæ‰‹ãèª¤é­”åŒ–ã—ã¦ãã ã•ã„,NA,57ä½,è¾°å·³ç«œ,æ–°ã—ã„ã‚¹ãƒ†ãƒ¼ã‚¸ã«é€²ã‚ã‚‹ã‚ˆ!,9,45.35,ç”·çˆµã„ã‚‚/ãã„ããƒ¼ã™/ãšãšã‚¨ã•ã‚“/å„A/æŽ§ãˆã‚ãªãƒ”ãƒ¼ã‚¹/äººæ°‘å…ƒ/æŠ•ç¥¨ãƒœãƒ¼ãƒŠã‚¹(3)
1225_9720_YBR,2023-07-06,94äºº,ç™Œã®å®£å‘Šã‚’ä¸Šæ‰‹ãèª¤é­”åŒ–ã—ã¦ãã ã•ã„,NA,57ä½,é»’èƒ¡æ¤’,ã€ŒãŠã¯ã‚ˆã†ã€ãŒå°‘ãªããªã‚Šã¾ã™ã€‚,9,45.35,èŽ‰è’¼/ãƒã‚¸ãƒãƒ¡/ãµã‚ã£ã¨/ã‚ã‹ã®ã™ã‘/ã“ã“ã¯ãŒ/å¤§å–œåˆ©ã®æ¯/æŠ•ç¥¨ãƒœãƒ¼ãƒŠã‚¹(3)
1225_9720_YBR,2023-07-06,94äºº,ç™Œã®å®£å‘Šã‚’ä¸Šæ‰‹ãèª¤é­”åŒ–ã—ã¦ãã ã•ã„,NA,64ä½,ã‚ã‹ã®ã™ã‘,å›ãŸã¡ã¨ã¯ã‚¹ãƒ†ãƒ¼ã‚¸ãŒé•ã†ã‚“ã ã‚ˆã­,8,43.89,äººæ°‘å…ƒ/é«˜è¦‹ç››/BFGH/äº¬ã‚»ãƒ©/ãƒ—ãƒ¼ã‚¢ãƒ«èŒ¶/æŠ•ç¥¨ãƒœãƒ¼ãƒŠã‚¹(3)
1225_9720_YBR,2023-07-06,94äºº,ç™Œã®å®£å‘Šã‚’ä¸Šæ‰‹ãèª¤é­”åŒ–ã—ã¦ãã ã•ã„,NA,64ä½,ã•ã„ã“ã‚ã¡ã‚ƒã‚‰ã¿ã‚“,This ç™Œç™Œç™Œç™Œ ç™Œç™Œç™Œç™Œç™Œï¼M-1ã®å­£ç¯€ã§ã™ã­ã‡,8,43.89,ãŠã³ã‚ã‚“/ã­ã‚€ã‚Š/ã‚Šã¨Â°/å¤§å–œåˆ©ã®æ¯(2)/æŠ•ç¥¨ãƒœãƒ¼ãƒŠã‚¹(3)
1225_9720_YBR,2023-07-06,94äºº,ç™Œã®å®£å‘Šã‚’ä¸Šæ‰‹ãèª¤é­”åŒ–ã—ã¦ãã ã•ã„,NA,64ä½,ã‚¢ã‚¦ã‚¯,æ®‹ã‚Š1å¹´ã‚¨ãƒ³ã‚¸ãƒ§ã‚¤ã—ã¦ã„ãã¾ã—ã‚‡ã†ï¼,8,43.89,ã´ã´/å„A/ãªã/BFGH/ãƒŸãƒ‹ãƒ™ãƒ­/æŠ•ç¥¨ãƒœãƒ¼ãƒŠã‚¹(3)
1225_9720_YBR,2023-07-06,94äºº,ç™Œã®å®£å‘Šã‚’ä¸Šæ‰‹ãèª¤é­”åŒ–ã—ã¦ãã ã•ã„,NA,64ä½,ãƒ‘ãƒ¼ãƒ—ãƒ«ãƒãƒ¼ãƒ•,æ±å¤§åŒ»å­¦éƒ¨ã¯é ­æ‚ªã„ï¼ï¼,8,43.89,ã­ã‚€ã‚Š/æ—¥æœ¬å›½æ†²æ³•(2)/ã‚¿ã‚«ãƒŽãƒªãƒ»ã‚¿ã‚«ãƒŽ/ãƒ©ã‚¹ã‚¿ãƒ¼/æŠ•ç¥¨ãƒœãƒ¼ãƒŠã‚¹(3)
1225_9720_YBR,2023-07-06,94äºº,ç™Œã®å®£å‘Šã‚’ä¸Šæ‰‹ãèª¤é­”åŒ–ã—ã¦ãã ã•ã„,NA,64ä½,ç™¼ç‹‚äº­æ€ªæ¨‚,"ã‚³ãƒ”ãƒ¼ã«ã‚³ãƒ”ãƒ¼ã‚’é‡ã­ãŸè¨¼æ˜Žå†™çœŸã‚’è¦‹ã›ã¦
ã€Œã“ã‚Œã§ã™ã€",8,43.89,å¾®ç”Ÿç‰©ã®ã‹ãŸã¾ã‚Š/é»’èƒ¡æ¤’/ãã«(2)/ãªã‚“ã“ã¤/æŠ•ç¥¨ãƒœãƒ¼ãƒŠã‚¹(3)
1225_9720_YBR,2023-07-06,94äºº,ç™Œã®å®£å‘Šã‚’ä¸Šæ‰‹ãèª¤é­”åŒ–ã—ã¦ãã ã•ã„,NA,69ä½,BFGH,ä»Šé™½ã‚­ãƒ£ç´°èƒžãŒãƒ‘ãƒªãƒ”ã—ã¡ã‚ƒã£ã¦ã¾ã™,7,42.43,ã‚ã‚‹äºº/ã»ã‚ã»ã‚/ãƒŽã‚³ãƒŽã‚³death/ãƒ•ã‚§ãƒ«ãƒ¡ãƒ¼ãƒ«/æŠ•ç¥¨ãƒœãƒ¼ãƒŠã‚¹(3)
1225_9720_YBR,2023-07-06,94äºº,ç™Œã®å®£å‘Šã‚’ä¸Šæ‰‹ãèª¤é­”åŒ–ã—ã¦ãã ã•ã„,NA,69ä½,ãƒ•ã‚¡ã‚¤ãƒˆãƒžãƒ³,ã‚ã¡ã‚ƒã‚ã¡ã‚ƒç™Œã§ã™ï¼æ‚ªã„æ„å‘³ã˜ã‚ƒãªãã¦ï¼ï¼,7,42.43,æ—¥æœ¬å›½æ†²æ³•/GYAI/æ¡œæ¡ƒ/åœŸç”£/è¾°å·³ç«œ/é«˜è¦‹ç››/ã‚ã®æ—¥ã®ãƒ‹ãƒ³ãƒ‹
1225_9720_YBR,2023-07-06,94äºº,ç™Œã®å®£å‘Šã‚’ä¸Šæ‰‹ãèª¤é­”åŒ–ã—ã¦ãã ã•ã„,NA,69ä½,ãƒ™ã‚¿ãƒ¼ãªãƒã‚§ã‚¢,æ—¥æœ¬äººãŒã‚ˆããªã‚‹ã‚ã‚Œã§ã™ã­ã€‚,7,42.43,ã‚ã‚‹äºº(2)/ã™ã‚‹ã‚/ã‚ã®æ—¥ã®ãƒ‹ãƒ³ãƒ‹/æŠ•ç¥¨ãƒœãƒ¼ãƒŠã‚¹(3)
1225_9720_YBR,2023-07-06,94äºº,ç™Œã®å®£å‘Šã‚’ä¸Šæ‰‹ãèª¤é­”åŒ–ã—ã¦ãã ã•ã„,NA,69ä½,åŠ©ã£äººå¤–å›½äºº,ã‚¹ãƒ†ãƒ¼ã‚¸ã¯æ¾ç«¹æ¢…ã§è¨€ã†ã¨ç«¹ã‹ãªã€ã¾ãè€ãˆã ã‚ˆç¬‘,7,42.43,å¶å‡ºæ®´æµ/ãšãšã‚¨ã•ã‚“/ã­ã‚€ã‚Š/å¾®ç”Ÿç‰©ã®ã‹ãŸã¾ã‚Š/æŠ•ç¥¨ãƒœãƒ¼ãƒŠã‚¹(3)
1225_9720_YBR,2023-07-06,94äºº,ç™Œã®å®£å‘Šã‚’ä¸Šæ‰‹ãèª¤é­”åŒ–ã—ã¦ãã ã•ã„,NA,69ä½,å¡©ã‚µãƒ,"åŒ»å¸«ã€Œç™Œã§ã™ã­ã€‚""ã‚¬ãƒ³""å¼µã£ã¦ãã ã•ã„ã­ã€‚ç™Œã ã‘ã«wwã€",7,42.43,GYAI/ã™ã‚‹ã‚/ãƒ•ã‚§ãƒ«ãƒ¡ãƒ¼ãƒ«/ãƒ—ãƒ¼ã‚¢ãƒ«èŒ¶/æŠ•ç¥¨ãƒœãƒ¼ãƒŠã‚¹(3)
1225_9720_YBR,2023-07-06,94äºº,ç™Œã®å®£å‘Šã‚’ä¸Šæ‰‹ãèª¤é­”åŒ–ã—ã¦ãã ã•ã„,NA,69ä½,å¤§å–œåˆ©ã®æ¯,ã¡ã‚‡ã£ã¨ãƒã‚¯ãƒƒã¨ã—ã¾ã™,7,42.43,ãšãšã‚¨ã•ã‚“/ç§‹æœˆæå­/ã’ã‚“ã/ãƒ©ã‚¹ã‚¿ãƒ¼/æŠ•ç¥¨ãƒœãƒ¼ãƒŠã‚¹(3)
1225_9720_YBR,2023-07-06,94äºº,ç™Œã®å®£å‘Šã‚’ä¸Šæ‰‹ãèª¤é­”åŒ–ã—ã¦ãã ã•ã„,NA,69ä½,æ•™ãˆã¦æ¬²ã—ã„ãƒ†ã‚¯ãƒŽãƒ­ã‚¸ãƒ¼,æ–°ã—ã„ä¸–ç•ŒãŒå¾…ã£ã¦ã¾ã™ã‚ˆ,7,42.43,ãƒ™ã‚¿ãƒ¼ãªãƒã‚§ã‚¢/å„A/ãƒãƒ /å¤§å–œåˆ©ã®æ¯/æŠ•ç¥¨ãƒœãƒ¼ãƒŠã‚¹(3)
1225_9720_YBR,2023-07-06,94äºº,ç™Œã®å®£å‘Šã‚’ä¸Šæ‰‹ãèª¤é­”åŒ–ã—ã¦ãã ã•ã„,NA,69ä½,æ¡œç”°ãƒ¢ãƒ³ã‚¿ãƒ¼ã‚¸ãƒ¥,æ¬¡å›žã®ã”äºˆç´„ã¯ã‚­ãƒ£ãƒ³ã‚µãƒ¼ã§ã‚ˆã‚ã—ã„ã§ã™ã‹ï¼Ÿ,7,42.43,ç”·çˆµã„ã‚‚/ã­ã“ã‚ã‚“ãŸã„/ç™¼ç‹‚äº­æ€ªæ¨‚/ä»–ã®ï¼°/æŠ•ç¥¨ãƒœãƒ¼ãƒŠã‚¹(3)
1225_9720_YBR,2023-07-06,94äºº,ç™Œã®å®£å‘Šã‚’ä¸Šæ‰‹ãèª¤é­”åŒ–ã—ã¦ãã ã•ã„,NA,69ä½,èŽ‰è’¼,æ‚ªã„æ–¹ã¯èª²é‡‘ã—ã¦ã‹ã‚‰èžã‘ã¾ã™,7,42.43,ã“ã‚“ãºã„ã¨ã†é›‘èªŒ/ç§‹æœˆæå­/ã•ã„ã“ã‚ã¡ã‚ƒã‚‰ã¿ã‚“/äººæ°‘å…ƒ/æŠ•ç¥¨ãƒœãƒ¼ãƒŠã‚¹(3)
1225_9720_YBR,2023-07-06,94äºº,ç™Œã®å®£å‘Šã‚’ä¸Šæ‰‹ãèª¤é­”åŒ–ã—ã¦ãã ã•ã„,NA,78ä½,ãã«,ã¡ã‚‡ã£ã¨æ‚ªã‚ã®ã‚„ã¤ã§ã™ã­ã€œã‚‚ã—ã‹ã—ãŸã‚‰ç—…åã‚‚èžã„ãŸã“ã¨ã‚ã‚‹ã‹ã‚‚,6,40.97,ã™ã‚‹ã‚/æ¡œæ¡ƒ/æœˆè¦‹é‡Œ/æŠ•ç¥¨ãƒœãƒ¼ãƒŠã‚¹(3)
1225_9720_YBR,2023-07-06,94äºº,ç™Œã®å®£å‘Šã‚’ä¸Šæ‰‹ãèª¤é­”åŒ–ã—ã¦ãã ã•ã„,NA,78ä½,ãã„ããƒ¼ã™,ãƒã‚¤ãƒ³ãƒˆã¯ã‚ã£ã¡ã‚ƒè²¯ã¾ã‚Šã¾ã™,6,40.97,ç”·çˆµã„ã‚‚/æ°´æ˜Ÿãƒ‰ãƒ©ãƒ ãƒ­ãƒ¼ãƒ«/ãƒŸãƒ‹ãƒ™ãƒ­/æŠ•ç¥¨ãƒœãƒ¼ãƒŠã‚¹(3)
1225_9720_YBR,2023-07-06,94äºº,ç™Œã®å®£å‘Šã‚’ä¸Šæ‰‹ãèª¤é­”åŒ–ã—ã¦ãã ã•ã„,NA,78ä½,ã‚³ã‚±ä»™äººè¦‹ç¿’ã„,ã¡ã‚‡ã„ãƒ¯ãƒ«ãªæ–°ã—ã„ç”Ÿç‰©ãŒç”Ÿã¾ã‚Œã¦ã¾ã™ã­ã€‚æ®‹ã‚ŠåŠå¹´ã§ã™ã€‚,6,40.97,GYAI/æ¡œæ¡ƒ(2)/åŠ©ã£äººå¤–å›½äºº(2)/æœˆè¦‹é‡Œ
1225_9720_YBR,2023-07-06,94äºº,ç™Œã®å®£å‘Šã‚’ä¸Šæ‰‹ãèª¤é­”åŒ–ã—ã¦ãã ã•ã„,NA,78ä½,ãƒŸãƒ‹ãƒ™ãƒ­,ä»Šã—ã‹å…¥ã‚Œãªã„ã€ç”Ÿå‘½ä¿é™ºã„ã‹ãŒã§ã™ã‹ã€‚,6,40.97,ã­ã‚€ã‚Š/æ¡œç”°ãƒ¢ãƒ³ã‚¿ãƒ¼ã‚¸ãƒ¥/æµ…é–“å±±ã‹ã‚‰çœŸã£é€†ã•ã¾/æŠ•ç¥¨ãƒœãƒ¼ãƒŠã‚¹(3)
1225_9720_YBR,2023-07-06,94äºº,ç™Œã®å®£å‘Šã‚’ä¸Šæ‰‹ãèª¤é­”åŒ–ã—ã¦ãã ã•ã„,NA,78ä½,æœºä¸Šã§å®Ÿæ¼”,ç™½ãã¦ã‚ˆãåˆ†ã‹ã‚“ãªã‹ã£ãŸ,6,40.97,ã“ã‚“ãºã„ã¨ã†é›‘èªŒ/ã‚«ãƒ¬ãƒ¼ãƒ©æ°´/æ—¥æœ¬å›½æ†²æ³•/æŠ•ç¥¨ãƒœãƒ¼ãƒŠã‚¹(3)
1225_9720_YBR,2023-07-06,94äºº,ç™Œã®å®£å‘Šã‚’ä¸Šæ‰‹ãèª¤é­”åŒ–ã—ã¦ãã ã•ã„,NA,83ä½,ãŠã³ã‚ã‚“,ç™Œç™Œã„ã“ã†ãœ,5,39.51,GYAI/ã­ã“ã‚ã‚“ãŸã„/æŠ•ç¥¨ãƒœãƒ¼ãƒŠã‚¹(3)
1225_9720_YBR,2023-07-06,94äºº,ç™Œã®å®£å‘Šã‚’ä¸Šæ‰‹ãèª¤é­”åŒ–ã—ã¦ãã ã•ã„,NA,83ä½,ã´ã´,ãˆãƒ¼ã£ã¨ã€ã€ã‚¬ãƒ¼ãƒ³ã€ã€ã£ã¦ã‚·ãƒ§ãƒƒã‚¯å—ã‘ã‚‹äººã‚‚ã„ã‚‹ã‚“ã§ã™ã‘ã©ã€ã€ãªã‚“ã¨ã„ã†ã‹ã€ãã®ã€ã€,5,39.51,å¶å‡ºæ®´æµ/ãã«/æŠ•ç¥¨ãƒœãƒ¼ãƒŠã‚¹(3)
1225_9720_YBR,2023-07-06,94äºº,ç™Œã®å®£å‘Šã‚’ä¸Šæ‰‹ãèª¤é­”åŒ–ã—ã¦ãã ã•ã„,NA,83ä½,ã‚¿ã‚¯ãƒ©ãƒžã‚«ãƒ³ç ‚æ¼ ,ã¾ã‚åˆ¥ã«ã¿ã‚“ãªçµæ§‹ãªã£ã¦ã‚‹ã—,5,39.51,ã´ã´/hashiba/GYAI/ã’ã‚“ã/ã‚ã®æ—¥ã®ãƒ‹ãƒ³ãƒ‹
1225_9720_YBR,2023-07-06,94äºº,ç™Œã®å®£å‘Šã‚’ä¸Šæ‰‹ãèª¤é­”åŒ–ã—ã¦ãã ã•ã„,NA,83ä½,å¾®ç”Ÿç‰©ã®ã‹ãŸã¾ã‚Š,ãƒ‹ãƒ¼ãƒˆãªç´°èƒžãŒãªã‚“ã‹ãƒ’ãƒ£ãƒƒãƒãƒ¼ã—ã¦ã¾ã™,5,39.51,ã‚¿ã‚«ãƒŽãƒªãƒ»ã‚¿ã‚«ãƒŽ/T-FOX/æŠ•ç¥¨ãƒœãƒ¼ãƒŠã‚¹(3)
1225_9720_YBR,2023-07-06,94äºº,ç™Œã®å®£å‘Šã‚’ä¸Šæ‰‹ãèª¤é­”åŒ–ã—ã¦ãã ã•ã„,NA,83ä½,æ—¥æœ¬å›½æ†²æ³•,ç—…å¤‰ãŒã€ãƒŠã‚·ã‚ˆã‚Šã®ã‚¢ãƒªï¼ï¼ˆç¬‘ï¼‰,5,39.51,å¶å‡ºæ®´æµ/ã­ã‚€ã‚Š/æŠ•ç¥¨ãƒœãƒ¼ãƒŠã‚¹(3)
1225_9720_YBR,2023-07-06,94äºº,ç™Œã®å®£å‘Šã‚’ä¸Šæ‰‹ãèª¤é­”åŒ–ã—ã¦ãã ã•ã„,NA,88ä½,ãšãšã‚¨ã•ã‚“,ã©ã‚“ãªã¨ãã‚‚ã£ã¦æ›²ã€æœ«æœŸãƒ¼ã®æ›²ã ã‚ˆã­,4,38.05,ã­ã‚€ã‚Š/æŠ•ç¥¨ãƒœãƒ¼ãƒŠã‚¹(3)
1225_9720_YBR,2023-07-06,94äºº,ç™Œã®å®£å‘Šã‚’ä¸Šæ‰‹ãèª¤é­”åŒ–ã—ã¦ãã ã•ã„,NA,88ä½,ã­ã“ã‚ã‚“ãŸã„,å…ç–«ã®å¼·åŒ–â€¦ã“ã‚Œã‚‚ã¾ãŸä¿®è¡Œã‚ˆâ€¦,4,38.05,ãƒ•ã‚§ãƒ«ãƒ¡ãƒ¼ãƒ«/æŠ•ç¥¨ãƒœãƒ¼ãƒŠã‚¹(3)
1225_9720_YBR,2023-07-06,94äºº,ç™Œã®å®£å‘Šã‚’ä¸Šæ‰‹ãèª¤é­”åŒ–ã—ã¦ãã ã•ã„,NA,88ä½,ãƒžãƒ«ã‚¤ã¯äºŒé€²æ³•ã§5,å¤§ä¸ˆå¤«ã§ã™ã€å®®è¿«ã‚‚ã‚¬ãƒ³ã®æ™‚ã¯ä½•ã¨ã‹ãªã£ãŸã‚“ã§,4,38.05,æ•™ãˆã¦æ¬²ã—ã„ãƒ†ã‚¯ãƒŽãƒ­ã‚¸ãƒ¼/æŠ•ç¥¨ãƒœãƒ¼ãƒŠã‚¹(3)
1225_9720_YBR,2023-07-06,94äºº,ç™Œã®å®£å‘Šã‚’ä¸Šæ‰‹ãèª¤é­”åŒ–ã—ã¦ãã ã•ã„,NA,88ä½,æœˆè¦‹é‡Œ,ã¡ã‚‡ã£ã¨ã‚¬ãƒ³ã‚¬ãƒ³ç³»ã®ç´°èƒžå›ãŒã„ã¾ã™ã­,4,38.05,å¾®ç”Ÿç‰©ã®ã‹ãŸã¾ã‚Š/æŠ•ç¥¨ãƒœãƒ¼ãƒŠã‚¹(3)
1225_9720_YBR,2023-07-06,94äºº,ç™Œã®å®£å‘Šã‚’ä¸Šæ‰‹ãèª¤é­”åŒ–ã—ã¦ãã ã•ã„,NA,92ä½,AB,ãˆã£ã¨ã€ãã®â€¦ãƒ€ãƒ¡ã£ã½ã„â€¦,3,36.59,å¶å‡ºæ®´æµ/å„A/ã­ã‚€ã‚Š
1225_9720_YBR,2023-07-06,94äºº,ç™Œã®å®£å‘Šã‚’ä¸Šæ‰‹ãèª¤é­”åŒ–ã—ã¦ãã ã•ã„,NA,93ä½,RðŸ˜¶,ãŒã€ãŒã‚“ã°ã‚Œï¼ç™Œã ã‘ã«ã­(à¹‘>â—¡<à¹‘),2,35.13,GYAI/ã™ã‚‹ã‚
1225_9720_YBR,2023-07-06,94äºº,ç™Œã®å®£å‘Šã‚’ä¸Šæ‰‹ãèª¤é­”åŒ–ã—ã¦ãã ã•ã„,NA,94ä½,ãƒ‘ãƒ‘ã‚ˆã‚Šãƒžãƒžæ´¾,ã‚ãƒ¼ãªã‚“ã ã£ã‘ãªãƒ¼ã€è‹±èªžã§éŠƒã£ã¦ï¼ï¼è½ã¡ç€ã„ã¦èžã‹ã›ã¦ã»ã—ã„ãªãƒ¼ï¼ï¼ï¼,1,33.67,ãªã‚“ã“ã¤
